30-11-2003,Software Engineer,Yes,5'10,160 lbs,A+,john_doe123,John Doe,555-1234,john.doe@email.com,Male,securePassword
30-11-2003,Software Engineer,Yes,5'10,160 lbs,A+,john_doe123,John Doe,555-1234,john.doe@email.com,Male,securePassword
30-11-2003,Software Engineer,Yes,5'10,160 lbs,A+,john_doe123,John Doe,555-1234,john.doe@email.com,Male,securePassword
30-11-2003,Software Engineer,Yes,5'10,160 lbs,A+,john_doe123,John Doe,555-1234,john.doe@email.com,Male,securePassword
30-11-2003,Software Engineer,Yes,5'10,160 lbs,A+,john_doe123,John Doe,555-1234,john.doe@email.com,Male,securePassword
30-11-2003,Software Engineer,Yes,5'10,160 lbs,A+,john_doe123,John Doe,555-1234,john.doe@email.com,Male,securePassword
30-11-2003,Software Engineer,Yes,5'10,160 lbs,A+,john_doe123,John Doe,555-1234,john.doe@email.com,Male,securePassword
30-11-2003,Software Engineer,Yes,5'10,160 lbs,A+,john_doe123,John Doe,555-1234,john.doe@email.com,Male,securePassword
30-11-2003,Software Engineer,Yes,5'10,160 lbs,A+,john_doe123,John Doe,555-1234,john.doe@email.com,Male,securePassword
30-11-2003,Software Engineer,Yes,5'10,160 lbs,A+,john_doe123,John Doe,555-1234,john.doe@email.com,Male,securePassword
30-11-2003,Software Engineer,Yes,5'10,160 lbs,A+,john_doe123,John Doe,555-1234,john.doe@email.com,Male,securePassword
30-11-2003,Software Engineer,Yes,5'10,160 lbs,A+,john_doe123,John Doe,555-1234,john.doe@email.com,Male,securePassword
sf,null,Yes,asf,asf,A+,null,sadfas fasf,asfa,sfasfasfa,Male,null
a,null,Yes,a,a,A+,null,a a,a,a,Male,null
e,null,Yes,f,g,A+,null,a b,c,d,Male,null
e,null,Yes,f,g,O+,asd,a b,c,d,Male,asd
e,null,Yes,f,g,O+,asd,a b,c,d,Male,asd
e,h,Yes,f,g,O+,asd,a b,c,d,Male,asd
asd,asd,Yes,asd,asd,O-,as,asd asd,asd,asd,Male,a
sfasf,asfasf,No,asfasf,sffa,O+,asd,asdasfa asd,fasfasfa,sfasf,Male,a
1,1,Yes,1,1,O+,asdd,1 1,1,1,Male,as
3,3,Yes,3,3,O+,as,3 3,3,3,Male,as
a,a,Yes,a,a,O+,a,a a,a,a,Female,a
